insert into `gym` values ('25B65B38DEE34045827EA9A0696B8A07', 'Gym-01', 'SYSTEM', '2023-11-24 23:22:12.06197', 'SYSTEM','2023-11-24 23:22:12.06197', 0);
insert into `gym` values ('DB61EAA87CD846CE93E91B45601823E3', 'Gym-02', 'SYSTEM', '2023-11-24 23:22:12.072156', 'SYSTEM','2023-11-24 23:22:12.072156', 0);

insert into `coach` values ('C2207136A3D34B2DBCFF881C0396792A', 'Coach-A', 'Coach-A', 'Coach-A@test.com', '0901234560', 'SYSTEM', '2023-11-24 23:45:02.151067', 'SYSTEM', '2023-11-24 23:45:02.151067', 0);
insert into `coach` values ('3D630CB7FB2A448E99B4BEB7C8EB054F', 'Coach-B', 'Coach-B', 'Coach-B@test.com', '0901234561', 'SYSTEM', '2023-11-24 23:45:02.164701', 'SYSTEM', '2023-11-24 23:45:02.164701', 0);
insert into `coach` values ('1CA5FFC84F354B72A039501D6796A1A3', 'Coach-C', 'Coach-C', 'Coach-C@test.com', '0901234562', 'SYSTEM', '2023-11-24 23:45:02.165007', 'SYSTEM', '2023-11-24 23:45:02.165007', 0);
insert into `coach` values ('B2DEF60A9D024EA39F09EA2DB6E6F00F', 'Coach-D', 'Coach-D', 'Coach-D@test.com', '0901234563', 'SYSTEM', '2023-11-24 23:45:02.165234', 'SYSTEM', '2023-11-24 23:45:02.165234', 0);

insert into gym_coach values ('E62E4E830D9B49FF9A776B9080D9DFF2', '25B65B38DEE34045827EA9A0696B8A07', 'C2207136A3D34B2DBCFF881C0396792A', 'SYSTEM', '2023-11-25 01:45:55.999734', 'SYSTEM', '2023-11-25 01:45:55.999734', 0);
insert into gym_coach values ('FFF5EE8F734548189D673ADFDBC8C8D7', '25B65B38DEE34045827EA9A0696B8A07', '3D630CB7FB2A448E99B4BEB7C8EB054F', 'SYSTEM', '2023-11-25 01:45:56.008652', 'SYSTEM', '2023-11-25 01:45:56.008652', 0);
insert into gym_coach values ('5BD91C6491EE4C5C814F3DE619F0B4F1', '25B65B38DEE34045827EA9A0696B8A07', '1CA5FFC84F354B72A039501D6796A1A3', 'SYSTEM', '2023-11-25 01:45:56.009235', 'SYSTEM', '2023-11-25 01:45:56.009235', 0);
insert into gym_coach values ('C40D2C93040C43509F9EC89D802C4279', '25B65B38DEE34045827EA9A0696B8A07', 'B2DEF60A9D024EA39F09EA2DB6E6F00F', 'SYSTEM', '2023-11-25 01:45:56.009719', 'SYSTEM', '2023-11-25 01:45:56.009719', 0);


insert into `member` values ('0E91A26E3C134940928156472FB55148', 'Member-01', 'Member-01', 'Member-01@test.com', '08020234561', 'SYSTEM', '2023-11-24 23:05:18.727972', 'SYSTEM', '2023-11-24 23:05:18.727972', 0);
insert into `member` values ('A509551CAEC74729AAC767F63D9A3BDD', 'Member-02', 'Member-02', 'Member-02@test.com', '08020234562', 'SYSTEM', '2023-11-24 23:05:18.739255', 'SYSTEM', '2023-11-24 23:05:18.739255', 0);
insert into `member` values ('A90A7F2AB01F44CE946CD337896079EF', 'Member-03', 'Member-03', 'Member-03@test.com', '08020234563', 'SYSTEM', '2023-11-24 23:05:18.739607', 'SYSTEM', '2023-11-24 23:05:18.739607', 0);
insert into `member` values ('8BB56F9FAAAC497DB0F538CDCA93CDC1', 'Member-04', 'Member-04', 'Member-04@test.com', '08020234564', 'SYSTEM', '2023-11-24 23:05:18.739837', 'SYSTEM', '2023-11-24 23:05:18.739837', 0);
insert into `member` values ('3EF234CBE71C48B2A9D0E53CE6EDC7EA', 'Member-05', 'Member-05', 'Member-05@test.com', '07067542314', 'SYSTEM', '2023-11-25 00:53:51.316664', 'SYSTEM', '2023-11-25 00:53:51.316664', 0);

insert into exercise_session values ('34780226D7FF4212998204B1065E3CD9', 'C2207136A3D34B2DBCFF881C0396792A', '0E91A26E3C134940928156472FB55148', '25B65B38DEE34045827EA9A0696B8A07', 'MON', 'SYSTEM', '2023-11-25 01:25:40.148406', 'SYSTEM', '2023-11-25 01:25:40.148406' ,0);
insert into exercise_session values ('A1A13ED64BC24A2AB0A803C3FBA581B3', 'C2207136A3D34B2DBCFF881C0396792A', '0E91A26E3C134940928156472FB55148', '25B65B38DEE34045827EA9A0696B8A07', 'SAT', 'SYSTEM', '2023-11-25 01:25:40.156878', 'SYSTEM', '2023-11-25 01:25:40.156878' ,0);
insert into exercise_session values ('3328F0CD57A74030A07184074361A744', '3D630CB7FB2A448E99B4BEB7C8EB054F', '0E91A26E3C134940928156472FB55148', '25B65B38DEE34045827EA9A0696B8A07', 'WED', 'SYSTEM', '2023-11-25 01:25:40.157229', 'SYSTEM', '2023-11-25 01:25:40.157229' ,0);
insert into exercise_session values ('5E46E21676094BD6932E52E9EEBC45A9', '3D630CB7FB2A448E99B4BEB7C8EB054F', '0E91A26E3C134940928156472FB55148', '25B65B38DEE34045827EA9A0696B8A07', 'FRI', 'SYSTEM', '2023-11-25 01:25:40.157659', 'SYSTEM', '2023-11-25 01:25:40.157659' ,0);
insert into exercise_session values ('44FE6D879BD34F0E929BB59335DE59DC', 'C2207136A3D34B2DBCFF881C0396792A', 'A509551CAEC74729AAC767F63D9A3BDD', '25B65B38DEE34045827EA9A0696B8A07', 'WED', 'SYSTEM', '2023-11-25 01:25:40.157878', 'SYSTEM', '2023-11-25 01:25:40.157878' ,0);
insert into exercise_session values ('FD87494F5EFE4B7EA07F6FE94CD7165D', 'C2207136A3D34B2DBCFF881C0396792A', 'A509551CAEC74729AAC767F63D9A3BDD', '25B65B38DEE34045827EA9A0696B8A07', 'SAT', 'SYSTEM', '2023-11-25 01:25:40.158267', 'SYSTEM', '2023-11-25 01:25:40.158267' ,0);
insert into exercise_session values ('E13E289D821C4A6C8051166999B1087D', '1CA5FFC84F354B72A039501D6796A1A3', 'A509551CAEC74729AAC767F63D9A3BDD', '25B65B38DEE34045827EA9A0696B8A07', 'MON', 'SYSTEM', '2023-11-25 01:25:40.158488', 'SYSTEM', '2023-11-25 01:25:40.158488' ,0);
insert into exercise_session values ('C0816203B2CE45428D8293DFD8DA483A', '1CA5FFC84F354B72A039501D6796A1A3', 'A509551CAEC74729AAC767F63D9A3BDD', '25B65B38DEE34045827EA9A0696B8A07', 'FRI', 'SYSTEM', '2023-11-25 01:25:40.158873', 'SYSTEM', '2023-11-25 01:25:40.158873' ,0);
insert into exercise_session values ('108632B14F414BCC9CFCBB052059F589', '3D630CB7FB2A448E99B4BEB7C8EB054F', 'A90A7F2AB01F44CE946CD337896079EF', '25B65B38DEE34045827EA9A0696B8A07', 'WED', 'SYSTEM', '2023-11-25 01:25:40.159092', 'SYSTEM', '2023-11-25 01:25:40.159092' ,0);
insert into exercise_session values ('BF3462EC55E5429687930096F7BCE203', '3D630CB7FB2A448E99B4BEB7C8EB054F', 'A90A7F2AB01F44CE946CD337896079EF', '25B65B38DEE34045827EA9A0696B8A07', 'SAT', 'SYSTEM', '2023-11-25 01:25:40.159457', 'SYSTEM', '2023-11-25 01:25:40.159457' ,0);
insert into exercise_session values ('5BB9B4B86B0240748DDC6940BF9CB870', '1CA5FFC84F354B72A039501D6796A1A3', 'A90A7F2AB01F44CE946CD337896079EF', '25B65B38DEE34045827EA9A0696B8A07', 'FRI', 'SYSTEM', '2023-11-25 01:25:40.159672', 'SYSTEM', '2023-11-25 01:25:40.159672' ,0);
insert into exercise_session values ('65EC12BEDF5E4761849ACB23B48BB360', '1CA5FFC84F354B72A039501D6796A1A3', 'A90A7F2AB01F44CE946CD337896079EF', '25B65B38DEE34045827EA9A0696B8A07', 'SAT', 'SYSTEM', '2023-11-25 01:25:40.159896', 'SYSTEM', '2023-11-25 01:25:40.159896' ,0);
insert into exercise_session values ('1C214DA500EC4596BB6D0EEBE37EEDE5', '3D630CB7FB2A448E99B4BEB7C8EB054F', '8BB56F9FAAAC497DB0F538CDCA93CDC1', '25B65B38DEE34045827EA9A0696B8A07', 'WED', 'SYSTEM', '2023-11-25 01:25:40.16011',   'SYSTEM', '2023-11-25 01:25:40.16011' ,0);
insert into exercise_session values ('0D1A0361DC6F49C28DD02110DB95B7AF', '3D630CB7FB2A448E99B4BEB7C8EB054F', '8BB56F9FAAAC497DB0F538CDCA93CDC1', '25B65B38DEE34045827EA9A0696B8A07', 'FRI', 'SYSTEM', '2023-11-25 01:25:40.160505', 'SYSTEM', '2023-11-25 01:25:40.160505' ,0);
insert into exercise_session values ('963578450403481581EF01B3943FC742', 'B2DEF60A9D024EA39F09EA2DB6E6F00F', '8BB56F9FAAAC497DB0F538CDCA93CDC1', '25B65B38DEE34045827EA9A0696B8A07', 'MON', 'SYSTEM', '2023-11-25 01:25:40.160709', 'SYSTEM', '2023-11-25 01:25:40.160709' ,0);
insert into exercise_session values ('794EE79F08D64B3A92E99C91389978FB', 'B2DEF60A9D024EA39F09EA2DB6E6F00F', '8BB56F9FAAAC497DB0F538CDCA93CDC1', '25B65B38DEE34045827EA9A0696B8A07', 'SAT', 'SYSTEM', '2023-11-25 01:25:40.161825', 'SYSTEM', '2023-11-25 01:25:40.161825' ,0);
insert into exercise_session values ('BEAFD40A5AE443F284B488463AC944C0', '1CA5FFC84F354B72A039501D6796A1A3', '3EF234CBE71C48B2A9D0E53CE6EDC7EA', '25B65B38DEE34045827EA9A0696B8A07', 'MON', 'SYSTEM', '2023-11-25 01:25:40.162226', 'SYSTEM', '2023-11-25 01:25:40.162226' ,0);
insert into exercise_session values ('4A8543BF9B8D45DCB7EF5D6043E85291', '1CA5FFC84F354B72A039501D6796A1A3', '3EF234CBE71C48B2A9D0E53CE6EDC7EA', '25B65B38DEE34045827EA9A0696B8A07', 'FRI', 'SYSTEM', '2023-11-25 01:25:40.162625', 'SYSTEM', '2023-11-25 01:25:40.162625' ,0);
insert into exercise_session values ('423F71E0BEC943C48878D3A6D737C227', '3D630CB7FB2A448E99B4BEB7C8EB054F', '3EF234CBE71C48B2A9D0E53CE6EDC7EA', '25B65B38DEE34045827EA9A0696B8A07', 'FRI', 'SYSTEM', '2023-11-25 01:25:40.16286',   'SYSTEM', '2023-11-25 01:25:40.16286' ,0);
insert into exercise_session values ('D16388A2E24C46BA91A91BB2A99FD843', '3D630CB7FB2A448E99B4BEB7C8EB054F', '3EF234CBE71C48B2A9D0E53CE6EDC7EA', '25B65B38DEE34045827EA9A0696B8A07', 'SAT', 'SYSTEM', '2023-11-25 01:25:40.163059', 'SYSTEM', '2023-11-25 01:25:40.163059' ,0);